[
    {
        "id": 1,
        "menu_name": "Martabak Maramelow",
        "image": "img\/mars.jpeg",
        "status": "Cancelled",
        "date": "17 December 2012",
        "time": "12:15 PM",
        "guests": 2,
        "days_ago": 2
    },
    {
        "id": 2,
        "menu_name": "Coconut Green Martabak",
        "image": "img\/cg.jpg",
        "status": "Cancelled",
        "date": "17 December 2012",
        "time": "12:15 PM",
        "guests": 2,
        "days_ago": 2
    },
    {
        "id": 3,
        "menu_name": "Martabak Mesir",
        "image": "img\/mesir.jpg",
        "status": "Completed",
        "date": "17 December 2012",
        "time": "12:15 PM",
        "guests": 2,
        "days_ago": 18
    },
    {
        "id": 4,
        "menu_name": "Martabak Kacang",
        "image": "img\/kacang.jpg",
        "status": "Completed",
        "date": "17 December 2012",
        "time": "12:15 PM",
        "guests": 2,
        "days_ago": 18
    },
    {
        "order_id": "ORD1763792837867",
        "customer": "AutoChef",
        "address": "Tidak ada",
        "menu": "Martabak 3 rasa",
        "status": "Selesai",
        "total": 35000,
        "created_at": "2025-11-22T06:27:17+00:00"
    },
    {
        "order_id": "ORD1763792837187",
        "customer": "AutoChef",
        "address": "Tidak ada",
        "menu": "Martabak Mesir",
        "status": "Selesai",
        "total": 30000,
        "created_at": "2025-11-22T06:27:17+00:00"
    },
    {
        "order_id": "ORD1763792837799",
        "customer": "AutoChef",
        "address": "Tidak ada",
        "menu": "Martabak Jasuke",
        "status": "Selesai",
        "total": 25000,
        "created_at": "2025-11-22T06:27:17+00:00"
    },
    {
        "order_id": "ORD1763792837862",
        "customer": "AutoChef",
        "address": "Tidak ada",
        "menu": "Martabak Oreo",
        "status": "Selesai",
        "total": 30000,
        "created_at": "2025-11-22T06:27:17+00:00"
    },
    {
        "order_id": "ORD1763792971660",
        "customer": "AutoChef",
        "address": "Tidak ada",
        "menu": "Martabak 3 rasa",
        "status": "Selesai",
        "total": 35000,
        "created_at": "2025-11-22T06:29:31+00:00"
    },
    {
        "order_id": "ORD1763792971105",
        "customer": "AutoChef",
        "address": "Tidak ada",
        "menu": "Martabak Mesir",
        "status": "Selesai",
        "total": 30000,
        "created_at": "2025-11-22T06:29:31+00:00"
    },
    {
        "order_id": "ORD1763792971528",
        "customer": "AutoChef",
        "address": "Tidak ada",
        "menu": "Martabak Jasuke",
        "status": "Selesai",
        "total": 25000,
        "created_at": "2025-11-22T06:29:31+00:00"
    },
    {
        "order_id": "ORD1763792971144",
        "customer": "AutoChef",
        "address": "Tidak ada",
        "menu": "Martabak Oreo",
        "status": "Selesai",
        "total": 30000,
        "created_at": "2025-11-22T06:29:31+00:00"
    },
    {
        "order_id": "ORD1763793288",
        "customer": "Akbar Karim",
        "address": "Indonesia\/NTT\/Alor\/Teluk Mutiara",
        "menu": "Martabak coklat",
        "status": "Selesai",
        "total": "40000",
        "created_at": "2025-11-22T06:34:48+00:00"
    },
    {
        "order_id": "ORD1763798420",
        "customer": "Akbar Karim",
        "address": "Indonesia\/NTT\/Alor\/Teluk Mutiara",
        "menu": "Martabak coklat",
        "status": "Selesai",
        "total": "40000",
        "created_at": "2025-11-22T08:00:20+00:00"
    },
    {
        "order_id": "ORD1763798533939",
        "customer": "AutoChef",
        "address": "Tidak ada",
        "menu": "Martabak 3 rasa",
        "status": "Selesai",
        "total": 35000,
        "created_at": "2025-11-22T08:02:13+00:00"
    },
    {
        "order_id": "ORD1763798533460",
        "customer": "AutoChef",
        "address": "Tidak ada",
        "menu": "Martabak Mesir",
        "status": "Selesai",
        "total": 30000,
        "created_at": "2025-11-22T08:02:13+00:00"
    },
    {
        "order_id": "ORD1763798533764",
        "customer": "AutoChef",
        "address": "Tidak ada",
        "menu": "Martabak Jasuke",
        "status": "Selesai",
        "total": 25000,
        "created_at": "2025-11-22T08:02:13+00:00"
    },
    {
        "order_id": "ORD1763798533876",
        "customer": "AutoChef",
        "address": "Tidak ada",
        "menu": "Martabak Oreo",
        "status": "Selesai",
        "total": 30000,
        "created_at": "2025-11-22T08:02:13+00:00"
    },
    {
        "order_id": "ORD1763799658",
        "customer": "Akbar Karim",
        "address": "Indonesia\/NTT\/Alor\/Teluk Mutiara",
        "menu": "Martabak coklat",
        "status": "Siap Antar",
        "total": "40000",
        "created_at": "2025-11-22T08:20:58+00:00"
    },
    {
        "order_id": "ORD1763885718392",
        "customer": "AutoChef",
        "address": "Tidak ada",
        "menu": "Martabak 3 rasa",
        "status": "Selesai",
        "total": 35000,
        "created_at": "2025-11-23T08:15:18+00:00"
    },
    {
        "order_id": "ORD1763885718958",
        "customer": "AutoChef",
        "address": "Tidak ada",
        "menu": "Martabak Mesir",
        "status": "Selesai",
        "total": 30000,
        "created_at": "2025-11-23T08:15:18+00:00"
    },
    {
        "order_id": "ORD1763885718672",
        "customer": "AutoChef",
        "address": "Tidak ada",
        "menu": "Martabak Jasuke",
        "status": "Selesai",
        "total": 25000,
        "created_at": "2025-11-23T08:15:18+00:00"
    },
    {
        "order_id": "ORD1763885718426",
        "customer": "AutoChef",
        "address": "Tidak ada",
        "menu": "Martabak Oreo",
        "status": "Selesai",
        "total": 30000,
        "created_at": "2025-11-23T08:15:18+00:00"
    },
    {
        "order_id": "ORD1764136381",
        "customer": "Umar Pati",
        "address": "Indonesia\/NTT\/Lembata\/Lewoleba",
        "menu": "Martabak Keju",
        "status": "Siap Antar",
        "total": "35000",
        "created_at": "2025-11-26T05:53:01+00:00"
    },
    {
        "id": 5,
        "menu_name": "martabak-3-rasa",
        "menu_slug": "martabak-3-rasa",
        "image": "img\/5f40bfe4e8c16.jpg",
        "status": "Reserved",
        "date": "27 November 2025",
        "time": "10:00 AM",
        "guests": 1,
        "days_ago": 0,
        "user_email": ""
    },
    {
        "order_id": "ORD1764225128",
        "customer": "M. Rafsyan",
        "address": "Indonesia\/NTT\/Kupang\/Leoleba",
        "menu": "Martabak Matcha",
        "status": "Selesai",
        "total": "40000",
        "created_at": "2025-11-27T06:32:08+00:00"
    },
    {
        "order_id": "ORD1764225171986",
        "customer": "AutoChef",
        "address": "Tidak ada",
        "menu": "Martabak 3 rasa",
        "status": "Selesai",
        "total": 35000,
        "created_at": "2025-11-27T06:32:51+00:00"
    },
    {
        "order_id": "ORD1764225171256",
        "customer": "AutoChef",
        "address": "Tidak ada",
        "menu": "Martabak Mesir",
        "status": "Selesai",
        "total": 30000,
        "created_at": "2025-11-27T06:32:51+00:00"
    },
    {
        "order_id": "ORD1764225171756",
        "customer": "AutoChef",
        "address": "Tidak ada",
        "menu": "Martabak Jasuke",
        "status": "Selesai",
        "total": 25000,
        "created_at": "2025-11-27T06:32:51+00:00"
    },
    {
        "order_id": "ORD1764225171482",
        "customer": "AutoChef",
        "address": "Tidak ada",
        "menu": "Martabak Oreo",
        "status": "Selesai",
        "total": 30000,
        "created_at": "2025-11-27T06:32:51+00:00"
    },
    {
        "order_id": "ORD1764742330914",
        "customer": "Ansari",
        "address": "]",
        "user_email": "",
        "menu": "Martabak Keju",
        "status": "Siap Antar",
        "total": 50000,
        "payment_method": "QRIS",
        "payment_details": [],
        "created_at": "2025-12-03T06:12:10+00:00"
    }
]