[
    {
        "name": "Martabak 3 rasa",
        "category": "Manis",
        "price": 35000,
        "created_at": "2025-11-22T05:42:26+00:00"
    },
    {
        "name": "Martabak Mesir",
        "category": "Manis",
        "price": 30000,
        "created_at": "2025-11-22T05:42:26+00:00"
    },
    {
        "name": "Martabak Jasuke",
        "category": "Manis",
        "price": 25000,
        "created_at": "2025-11-22T05:42:26+00:00"
    },
    {
        "name": "Martabak Oreo",
        "category": "Manis",
        "price": 30000,
        "image": "",
        "created_at": "2025-11-22T06:22:04+00:00"
    }
]